{
  "feature_order": [
    "Time",
    "V1",
    "V2",
    "V3",
    "V4",
    "V5",
    "V6",
    "V7",
    "V8",
    "V9",
    "V10",
    "V11",
    "V12",
    "V13",
    "V14",
    "V15",
    "V16",
    "V17",
    "V18",
    "V19",
    "V20",
    "V21",
    "V22",
    "V23",
    "V24",
    "V25",
    "V26",
    "V27",
    "V28",
    "Amount"
  ],
  "defaults": {
    "Time": 84805.0,
    "V1": 0.0186915573117941,
    "V2": 0.0647457546302912,
    "V3": 0.179858961819187,
    "V4": -0.0213610887175061,
    "V5": -0.0547574096377213,
    "V6": -0.274155744617213,
    "V7": 0.0404198324731304,
    "V8": 0.023218551781995,
    "V9": -0.0506526086850341,
    "V10": -0.0933317436055039,
    "V11": -0.0314193868116703,
    "V12": 0.142380618660729,
    "V13": -0.0143479540236512,
    "V14": 0.0495710986739679,
    "V15": 0.04840005739945,
    "V16": 0.0650799747975197,
    "V17": -0.0655496485351115,
    "V18": -0.0034841002724111,
    "V19": 0.0053506890019801,
    "V20": -0.0626058757047481,
    "V21": -0.029280193706787,
    "V22": 0.0065991874026585,
    "V23": -0.0109828575173659,
    "V24": 0.0407781719769047,
    "V25": 0.0160808346306451,
    "V26": -0.0516229080040241,
    "V27": 0.0014627356196624,
    "V28": 0.0112213920155359,
    "Amount": 22.0
  },
  "input_ranges": {
    "Time": [
      2410.88,
      170527.0
    ],
    "V1": [
      -6.522310017301404,
      2.2375384140539163
    ],
    "V2": [
      -4.953557244559292,
      3.7737448995707084
    ],
    "V3": [
      -3.98067776004539,
      2.7277599772239305
    ],
    "V4": [
      -3.1163883246904014,
      4.2526128357675335
    ],
    "V5": [
      -3.0375941789038574,
      3.4065626685789563
    ],
    "V6": [
      -2.1182238100886948,
      4.194564214936515
    ],
    "V7": [
      -3.0052513262929494,
      2.678581040778114
    ],
    "V8": [
      -4.063609840821356,
      2.0726616566059235
    ],
    "V9": [
      -2.4552621875021865,
      2.980733565894582
    ],
    "V10": [
      -2.091200911474352,
      3.241367503407085
    ],
    "V11": [
      -2.0958089872661896,
      2.2776300714185367
    ],
    "V12": [
      -3.0613959958827177,
      1.6973046542572516
    ],
    "V13": [
      -2.2816393136219424,
      2.510238938385075
    ],
    "V14": [
      -2.79547643588454,
      2.154604087891048
    ],
    "V15": [
      -2.385963901695914,
      1.924792066254794
    ],
    "V16": [
      -2.3738026040674165,
      1.8713955099749706
    ],
    "V17": [
      -1.3498259719094468,
      2.2854271406286215
    ],
    "V18": [
      -2.1552574268621565,
      2.071480119270242
    ],
    "V19": [
      -2.0729856944583456,
      2.2590675560719826
    ],
    "V20": [
      -1.5652499107074378,
      2.389335213887406
    ],
    "V21": [
      -1.4714610795589065,
      1.9441915210172067
    ],
    "V22": [
      -1.6497939503126684,
      1.5301291025980381
    ],
    "V23": [
      -1.1833982383005515,
      1.5018624701876564
    ],
    "V24": [
      -1.6554185377559307,
      1.0636495967066704
    ],
    "V25": [
      -1.4271296923610988,
      1.1996107501590243
    ],
    "V26": [
      -1.0087824155090965,
      1.1590873907377168
    ],
    "V27": [
      -1.2457703682839627,
      0.921850780045117
    ],
    "V28": [
      -0.8693986106424967,
      0.5406144313586715
    ],
    "Amount": [
      0.12,
      1012.34
    ]
  }
}